lionpathCourseID,dept,level,sem,enrollment,instructorID
session2686,DS,100,SP2003,263,inst129
session2532,GEOSC,200,FA2002,252,inst202
session2628,GEOSC,200,SP2003,228,inst201
session2192,MUSIC,100,SP2002,206,inst481
session3643,DS,400,SP2005,197,inst243
session3400,FIN,300,FA2004,186,inst191
session2897,HIST,200,FA2003,182,inst205
session2956,DS,100,FA2003,180,inst129
session2171,DSM,400,SP2002,158,inst150
session2465,DS,100,FA2002,140,inst129
session2170,DSM,400,SP2002,128,inst150
session1881,DSM,400,SP2001,126,inst150
session3461,RLST,100,FA2004,123,inst332
session2065,DSM,200,FA2001,108,inst150
session3646,JAPNS,100,SP2005,107,inst447
session1923,MUSIC,100,SP2001,107,inst488
session2194,MUSIC,100,SP2002,107,inst488
session1832,JAPNS,100,SP2000,104,inst447
session3665,JAPNS,100,FA2004,104,inst449
session2193,MUSIC,100,SP2002,104,inst436
session3222,JAPNS,100,SP2004,102,inst447
session3703,MUSIC,200,SP2005,102,inst488
session3645,JAPNS,100,SP2005,99,inst447
session2830,JAPNS,100,S12002,96,inst447
session3223,JAPNS,100,SP2004,96,inst447
session3804,JAPNS,200,S12004,96,inst447
session2757,MUSIC,100,SP2003,196,inst488
session1921,JAPNS,100,SP2001,95,inst448
session3805,JAPNS,200,S22004,95,inst447
session3241,MUSIC,100,SP2004,95,inst436
session2206,JAPNS,100,SP2002,193,inst448
session2756,MUSIC,100,SP2003,93,inst436
session3406,GEOSC,200,FA2004,92,inst201
session3099,DSM,100,SP2004,90,inst150
session3386,DSM,100,FA2004,90,inst150
session3611,FIN,200,SP2005,90,inst180
session2524,DSM,200,FA2002,89,inst150
session2623,DSM,400,SP2003,89,inst150
session2205,JAPNS,100,SP2002,89,inst447
session2510,JAPNS,100,FA2002,89,inst447
session2861,DSM,100,FA2003,87,inst150
session1810,DSM,300,FA1997,87,inst150
session2624,DSM,400,SP2003,87,inst150
session2763,JAPNS,100,SP2003,87,inst447
session3557,DSM,100,SP2005,86,inst151
session3700,MUSIC,100,SP2005,86,inst436
session3093,CAS,100,SP2004,84,inst143
session2932,RLST,100,FA2003,84,inst332
session2204,JAPNS,100,SP2002,83,inst447
session2765,JAPNS,100,SP2003,83,inst447
session2831,JAPNS,100,S22002,83,inst447
session2937,SPAN,100,FA2003,83,inst339
session2868,DSM,200,FA2003,81,inst150
session2890,GEOSC,200,FA2003,81,inst201
session2764,JAPNS,100,SP2003,81,inst447
session2030,RLST,300,FA2001,81,inst332
session3048,JAPNS,100,FA2003,80,inst447
session3224,JAPNS,100,SP2004,80,inst447
session2095,JAPNS,100,FA2001,78,inst447
session1785,KINES,100,FA1991,78,inst458
session3172,SPAN,100,SP2004,77,inst338
session2526,DSM,300,FA2002,75,inst150
session2132,FIN,100,FA2001,75,inst184
session3329,JAPNS,100,S22003,75,inst447
session3601,SPAN,100,SP2005,75,inst340
session2888,GEOSC,100,FA2003,74,inst197
session3328,JAPNS,100,S12003,74,inst447
session2380,RLST,100,FA2002,74,inst332
session3467,SPAN,100,FA2004,74,inst339
session1852,CAS,100,FA2000,72,inst139
session3404,GEOSC,100,FA2004,72,inst196
session3049,JAPNS,100,FA2003,72,inst447
session3051,JAPNS,100,FA2003,72,inst448
session2534,SPAN,200,FA2002,72,inst339
session2161,CAS,200,SP2002,69,inst143
session3489,DS,100,FA2004,69,inst129
session2930,PHYS,100,FA2003,69,inst177
session2082,PHYS,200,FA2001,69,inst187
session2880,FIN,100,FA2003,68,inst182
session3108,FIN,200,SP2004,68,inst176
session3630,DS,100,SP2005,66,inst410
session3107,FIN,100,SP2004,66,inst185
session3115,GEOSC,100,SP2004,66,inst197
session1919,JAPNS,100,SP2001,66,inst447
session2511,JAPNS,100,FA2002,66,inst447
session2514,JAPNS,100,FA2002,66,inst241
session3383,CAS,200,FA2004,65,inst143
session1855,FIN,100,FA2000,65,inst182
session3464,RLST,200,FA2004,65,inst334
session1807,WFS,100,SP1998,65,inst138
session2131,FIN,100,FA2001,163,inst187
session2767,JAPNS,100,SP2003,63,inst452
session3052,JAPNS,200,FA2003,63,inst452
session2335,JAPNS,300,FA2001,63,inst447
session2533,PHYS,200,FA2002,63,inst177
session3378,CAS,100,FA2004,62,inst143
session1971,DS,100,FA2001,62,inst237
session3610,FIN,100,SP2005,62,inst183
session1857,GEOSC,100,FA2000,62,inst198
session2399,WFS,300,FA2002,62,inst211
session2838,WFS,300,FA2002,62,inst211
session2872,CAS,200,FA2003,60,inst143
session2611,FIN,100,SP2003,60,inst190
session2319,GEOSC,100,SP2002,60,inst196
session2529,GEOSC,100,FA2002,60,inst197
session2155,ENGL,100,FA2001,59,inst424
session3397,FIN,100,FA2004,59,inst182
session3117,GEOSC,200,SP2004,59,inst202
session1835,NURS,100,SP2000,59,inst498
session1801,CAS,100,SP1997,57,inst144
session1999,DS,100,SP2002,57,inst129
session2693,DS,100,SP2003,157,inst418
session3202,DS,100,SP2004,57,inst418
session3407,GEOSC,300,FA2004,57,inst201
session3619,GEOSC,300,SP2005,57,inst202
session2512,JAPNS,100,FA2002,57,inst451
session1980,KOR,200,FA2001,57,inst239
session3489,MATH,100,FA2004,57,inst129
session2832,NURS,100,FA2002,57,inst501
session3627,RLST,300,SP2005,57,inst334
session2496,BMB,100,FA2002,56,inst402
session3563,DSM,200,SP2005,56,inst153
session2881,FIN,100,FA2003,56,inst184
session2191,MUSIC,100,SP2002,156,inst481
session2546,MUSIC,100,FA2002,56,inst483
session3524,MUSIC,100,FA2004,56,inst436
session2995,MUSIC,300,FA2003,56,inst488
session3080,MUSIC,300,FA2003,56,inst488
session3081,MUSIC,300,FA2003,56,inst488
session3460,RLST,100,FA2004,56,inst330
session2068,DSM,300,FA2001,54,inst163
session3331,FIN,100,FA2003,54,inst175
session3405,GEOSC,100,FA2004,54,inst199
session3240,MUSIC,100,SP2004,54,inst406
session2387,RLST,100,SP2003,54,inst331
session3165,RLST,200,SP2004,54,inst334
session3203,DS,200,SP2004,53,inst408
session2563,ENGL,100,FA2002,53,inst254
session3769,ENGL,100,SP2005,53,inst254
session2883,FIN,200,FA2003,53,inst180
session2626,GEOSC,100,SP2003,53,inst197
session2755,MUSIC,100,SP2003,53,inst481
session2384,NUTR,200,SP2003,53,inst280
session2242,RLST,100,SP2002,53,inst330
session2935,RLST,200,FA2003,53,inst334
session3626,RLST,200,SP2005,53,inst330
session2602,CAS,100,SP2003,51,inst141
session1844,DS,100,SP2001,51,inst421
session1961,DS,100,FA2001,51,inst415
session2690,DS,100,SP2003,51,inst409
session3632,DS,100,SP2005,51,inst417
session3633,DS,100,SP2005,51,inst409
session2695,DS,200,SP2003,51,inst408
session2696,DS,200,SP2003,151,inst411
session3392,DSM,200,FA2004,51,inst150
session2882,FIN,200,FA2003,51,inst186
session2887,FIN,400,FA2003,51,inst188
session2224,GEOSC,200,FA2001,51,inst202
session2046,MUSIC,100,FA2001,151,inst484
session2547,MUSIC,100,FA2002,51,inst481
session3536,NURS,100,FA2004,51,inst170
session2491,NURS,200,FA2002,51,inst170
session3624,RLST,100,SP2005,51,inst318
session2672,WFS,200,SP2003,51,inst378
session3046,WFS,300,FA2003,51,inst375
session1969,DS,100,FA2001,50,inst411
session2174,FIN,100,SP2002,50,inst190
session2015,GEOSC,100,FA2001,150,inst196
session3666,JAPNS,200,FA2004,50,inst453
session2225,JST,100,SP2002,150,inst220
session2014,KOR,200,SP2002,50,inst236
session2446,MATH,300,FA2002,50,inst266
session3581,MATH,300,SP2005,50,inst266
session2759,MUSIC,200,SP2003,50,inst406
session3090,NURS,100,FA2003,50,inst502
session2329,RLST,100,FA2001,50,inst330
session3350,RLST,200,SP2004,50,inst331
session2391,RLST,300,SP2003,50,inst330
session2822,SPAN,100,FA2002,50,inst338
session2426,CAS,100,FA2002,48,inst144
session1960,DS,100,FA2001,48,inst414
session2006,DS,100,SP2002,48,inst415
session2472,DS,100,FA2002,48,inst411
session2688,DS,100,SP2003,48,inst416
session3355,DSM,600,SP2004,48,inst150
session1897,FIN,100,SP2001,48,inst184
session2173,FIN,100,SP2002,148,inst188
session2431,FIN,100,FA2002,48,inst182
session2435,FIN,400,FA2002,48,inst184
session1902,GEOSC,100,SP2001,48,inst196
session2018,GEOSC,100,FA2001,48,inst198
session2179,HIST,100,SP2002,48,inst207
session3124,HIST,100,SP2004,48,inst205
session3352,IE,300,SP2004,48,inst216
session2208,JAPNS,100,SP2002,48,inst455
session2485,KOR,200,FA2002,48,inst239
session3312,MATH,300,SP2004,48,inst269
session2045,MUSIC,100,FA2001,48,inst482
session2285,PHIL,200,SP2002,48,inst473
session2840,RLST,200,SP2003,48,inst334
session2941,BMB,100,FA2003,47,inst401
session3720,BMB,100,SP2005,47,inst401
session2160,CAS,100,SP2002,47,inst140
session2870,CAS,100,FA2003,47,inst142
session3550,CAS,100,SP2005,47,inst141
session1963,DS,100,FA2001,47,inst419
session1972,DS,100,FA2001,47,inst415
session2466,DS,100,FA2002,47,inst408
session2965,DS,100,FA2003,47,inst418
session3104,EARTH,100,SP2004,47,inst170
session3105,FIN,100,SP2004,47,inst178
session2625,GEOSC,100,SP2003,47,inst197
session2889,GEOSC,100,FA2003,47,inst188
session2142,JST,100,FA2001,47,inst220
session2235,MATH,100,SP2002,147,inst264
session3139,MATH,300,SP2004,47,inst266
session3429,MATH,400,FA2004,47,inst258
session3057,MUSIC,100,FA2003,47,inst436
session2999,NURS,200,FA2003,47,inst126
session1998,SC,100,SP2002,47,inst387
session2038,WFS,200,FA2001,47,inst378
session2601,CAS,100,SP2003,45,inst143
session2428,CAS,200,FA2002,45,inst143
session2007,DS,100,SP2002,45,inst415
session2692,DS,100,SP2003,45,inst243
session2694,DS,100,SP2003,45,inst413
session3492,DS,100,FA2004,45,inst129
session3495,DS,200,FA2004,45,inst411
session3831,DSM,100,SP2005,45,inst151
session3286,ENGL,100,SP2004,45,inst254
session2434,FIN,100,FA2002,45,inst180
session2610,FIN,100,SP2003,45,inst184
session3403,FIN,400,FA2004,45,inst182
session3615,FIN,400,SP2005,45,inst182
session2016,GEOSC,100,FA2001,45,inst197
session3616,GEOSC,100,SP2005,45,inst199
session3050,JAPNS,100,FA2003,45,inst447
session3129,JST,300,SP2004,45,inst137
session1918,KINES,100,SP2001,45,inst472
session2549,MUSIC,200,FA2002,45,inst406
session3242,MUSIC,200,SP2004,45,inst476
session3000,NURS,200,FA2003,45,inst170
session3625,RLST,200,SP2005,45,inst318
session3807,RLST,200,SP2005,45,inst335
session3714,BMB,100,FA2004,44,inst402
session2871,CAS,100,FA2003,44,inst141
session3554,CAS,300,SP2005,44,inst143
session2392,DS,200,SP2002,44,inst411
session2969,DS,200,FA2003,44,inst408
session3206,DS,300,SP2004,44,inst243
session2067,DSM,300,FA2001,44,inst167
session2172,FIN,100,SP2002,44,inst175
session3395,FIN,100,FA2004,144,inst178
session3113,FIN,400,SP2004,44,inst180
session1856,GEOSC,100,FA2000,44,inst196
session2089,IST,100,FA2001,44,inst438
session3226,JAPNS,200,SP2004,44,inst241
session2019,MATH,100,FA2001,44,inst257
session2445,MATH,300,FA2002,44,inst269
session2914,MATH,400,FA2003,44,inst258
session3332,MATH,400,SP2004,44,inst261
session3699,MUSIC,100,SP2005,44,inst485
session2106,NURS,100,FA2001,44,inst501
session2495,NURS,300,FA2002,44,inst502
session3786,PHYS,100,SP2005,44,inst183
session2243,RLST,200,SP2002,44,inst330
session2379,RLST,200,FA2002,44,inst334
session2175,SPAN,100,SP2002,44,inst341
session2395,WFS,200,FA2002,44,inst378
session2056,CAS,100,FA2001,42,inst140
session2344,CAS,100,FA2001,42,inst140
session2425,CAS,100,FA2002,42,inst141
session1964,DS,100,FA2001,42,inst416
session1967,DS,100,FA2001,42,inst411
session2473,DS,100,FA2002,42,inst412
session2966,DS,100,FA2003,42,inst415
session2697,DS,200,SP2003,42,inst413
session2867,DSM,200,FA2003,42,inst163
session2282,ENGL,300,SP2002,42,inst429
session2432,FIN,100,FA2002,42,inst185
session2433,FIN,100,FA2002,142,inst186
session3118,GEOSC,300,SP2004,42,inst202
session3413,HIST,100,FA2004,42,inst153
session1820,JAPNS,100,FA1999,42,inst455
session2713,KINES,100,SP2003,42,inst440
session2983,KINES,100,FA2003,42,inst440
session3797,KINES,300,SP2005,42,inst465
session2655,MATH,300,SP2003,42,inst266
session3580,MATH,300,SP2005,42,inst269
session1879,MUSIC,100,FA2000,42,inst480
session2047,MUSIC,100,FA2001,42,inst436
session2049,MUSIC,200,FA2001,42,inst490
session2331,MUSIC,200,SP2002,42,inst483
session2994,MUSIC,200,FA2003,42,inst492
session2359,NURS,200,SP2002,42,inst136
session3710,NURS,200,SP2005,42,inst170
session2934,RLST,200,FA2003,42,inst330
session3167,RLST,200,SP2004,42,inst330
session2678,WFS,300,SP2003,42,inst369
session3298,WFS,300,FA2003,42,inst354
session1962,DS,100,FA2001,41,inst419
session2468,DS,100,FA2002,41,inst411
session2475,DS,100,FA2002,41,inst413
session2691,DS,100,SP2003,41,inst410
session2960,DS,100,FA2003,41,inst411
session3201,DS,100,SP2004,41,inst413
session3491,DS,100,FA2004,41,inst411
session3631,DS,100,SP2005,41,inst413
session3748,DS,100,FA2004,41,inst237
session2968,DS,200,FA2003,41,inst408
session3204,DS,200,SP2004,41,inst409
session2168,DSM,200,SP2002,41,inst159
session2363,DSM,600,SP2002,41,inst150
session2853,DSM,600,SP2003,41,inst150
session2289,FIN,100,SP2002,41,inst187
session1829,GEOSC,100,SP2000,41,inst195
session2891,GEOSC,300,FA2003,41,inst201
session2213,IST,100,SP2002,41,inst209
session2707,IST,100,SP2003,41,inst209
session1914,IST,200,SP2001,41,inst437
session2545,IST,200,FA2002,41,inst209
session2198,KINES,100,SP2002,41,inst459
session2506,KINES,300,FA2002,41,inst472
session2020,MATH,100,FA2001,41,inst257
session2022,MATH,100,FA2001,41,inst258
session2023,MATH,100,FA2001,41,inst259
session3313,MATH,300,FA2003,41,inst269
session2332,MUSIC,200,FA2001,41,inst492
session2360,NURS,100,SP2002,41,inst504
session1988,NUTR,200,SP2002,41,inst280
session2921,OLEAD,100,FA2003,41,inst298
session2054,PHIL,100,FA2001,41,inst515
session2389,RLST,200,SP2003,41,inst318
session1984,SC,100,FA2001,41,inst386
session2951,SC,100,FA2003,41,inst386
session2938,SPAN,100,FA2003,41,inst340
session3047,WFS,100,FA2003,41,inst372
session3473,WFS,100,FA2004,41,inst371
session3082,WFS,300,FA2003,41,inst354
session3299,WFS,300,FA2003,41,inst138
session2159,CAS,100,SP2002,39,inst141
session2001,DS,100,SP2002,39,inst419
session2002,DS,100,SP2002,39,inst411
session3778,DS,100,SP2005,39,inst237
session1974,DS,200,FA2001,39,inst418
session3496,DS,200,FA2004,39,inst409
session2835,EARTH,100,SP2003,39,inst170
session2157,ENGL,100,FA2001,39,inst426
session2133,FIN,100,FA2001,39,inst190
session2892,GEOSC,300,FA2003,39,inst198
session3414,HIST,100,FA2004,39,inst208
session2211,IST,100,SP2002,39,inst423
session2708,IST,200,SP2003,39,inst439
session2709,IST,200,SP2003,39,inst437
session2217,IST,300,SP2002,39,inst209
session3647,JAPNS,200,SP2005,39,inst454
session2135,JST,100,FA2001,39,inst219
session1795,JST,200,SP1994,39,inst230
session2503,KINES,200,FA2002,39,inst467
session2985,KINES,200,FA2003,39,inst463
session3305,KINES,200,SP2004,39,inst465
session3517,KINES,200,FA2004,39,inst471
session1865,MATH,100,FA2000,39,inst266
session1904,MATH,100,SP2001,39,inst264
session2233,MATH,100,SP2002,39,inst263
session2234,MATH,100,SP2002,39,inst263
session2443,MATH,100,FA2002,39,inst264
session3579,MATH,300,SP2005,39,inst258
session2758,MUSIC,100,SP2003,39,inst483
session2551,MUSIC,200,FA2002,39,inst406
session2053,PHIL,100,FA2001,39,inst515
session1875,PHIL,300,FA2000,39,inst520
session3166,RLST,200,SP2004,39,inst318
session2447,SC,100,FA2002,39,inst386
session2033,WFS,100,FA2001,39,inst372
session3477,WFS,200,FA2004,39,inst354
session1913,WFS,300,SP2001,39,inst370
session3179,WFS,300,SP2004,39,inst211
session3481,WFS,300,FA2004,39,inst369
session2819,CAS,100,FA2002,38,inst141
session2606,CAS,300,SP2003,38,inst143
session1965,DS,100,FA2001,38,inst414
session2467,DS,100,FA2002,38,inst408
session3497,DS,300,FA2004,38,inst408
session2798,ENGL,200,SP2003,38,inst424
session2212,IST,100,SP2002,38,inst209
session3217,IST,100,SP2004,38,inst423
session3680,IST,100,SP2005,38,inst423
session3225,JAPNS,200,SP2004,38,inst453
session2717,KINES,100,SP2003,38,inst462
session3513,KINES,100,FA2004,38,inst460
session3514,KINES,100,FA2004,38,inst463
session1796,KINES,200,IT1994,38,inst466
session2357,KINES,200,SP2002,38,inst459
session3306,KINES,200,SP2004,38,inst470
session3822,KINES,200,SP2005,38,inst465
session2848,KINES,300,SP2003,38,inst320
session2236,MATH,100,SP2002,38,inst264
session3140,MATH,400,SP2004,38,inst266
session2048,MUSIC,100,FA2001,38,inst483
session2550,MUSIC,200,FA2002,38,inst476
session3530,MUSIC,300,FA2004,38,inst490
session3326,NURS,100,SP2004,38,inst498
session2373,NUTR,200,FA2002,38,inst275
session2295,OLEAD,100,FA2001,38,inst300
session3791,PHIL,200,FA2004,38,inst516
session2833,PHIL,300,SP2003,38,inst512
session2376,RLST,100,FA2002,38,inst318
session1876,SC,100,SP2001,38,inst315
session2787,SC,100,SP2003,38,inst315
session2905,SC,200,FA2003,38,inst388
session3304,WFS,100,SP2004,38,inst377
session2671,WFS,200,SP2003,38,inst138
session3696,WFS,200,FA2004,38,inst354
session3697,WFS,200,FA2004,38,inst138
session2249,WFS,300,SP2002,38,inst337
session2149,BMB,100,FA2001,36,inst402
session2272,CHEM,200,SP2002,36,inst358
session1937,DS,100,FA2000,36,inst410
session1966,DS,100,FA2001,36,inst242
session2480,DS,200,FA2002,36,inst415
session3609,FIN,100,SP2005,36,inst178
session2320,GEOSC,100,SP2002,136,inst197
session3119,GEOSC,300,SP2004,136,inst198
session2178,HIST,100,SP2002,36,inst208
session2635,HIST,100,SP2003,36,inst207
session2087,IST,100,FA2001,36,inst423
session2210,IST,100,SP2002,136,inst437
session2542,IST,100,FA2002,36,inst439
session2200,KINES,100,SP2002,36,inst472
session2501,KINES,100,FA2002,36,inst441
session2502,KINES,100,FA2002,36,inst463
session3233,KINES,100,SP2004,36,inst462
session3235,KINES,100,SP2004,36,inst440
session3683,KINES,100,SP2005,36,inst461
session3307,KINES,200,SP2004,36,inst467
session3689,KINES,200,SP2005,36,inst467
session2722,KINES,400,SP2003,36,inst462
session1978,KOR,100,FA2001,36,inst238
session2973,KOR,100,FA2003,36,inst237
session3214,KOR,200,SP2004,36,inst238
session3215,KOR,300,SP2004,36,inst239
session2232,MATH,100,SP2002,36,inst257
session2442,MATH,100,FA2002,36,inst267
session2909,MATH,100,FA2003,36,inst261
session3572,MATH,100,SP2005,36,inst257
session2910,MATH,200,FA2003,36,inst264
session2912,MATH,300,FA2003,36,inst266
session2913,MATH,300,FA2003,36,inst268
session3422,MATH,300,FA2004,36,inst259
session3584,MATH,400,SP2005,36,inst258
session2489,NURS,100,FA2002,36,inst500
session3414,NURS,100,FA2004,36,inst208
session3535,NURS,100,FA2004,36,inst499
session2299,OLEAD,200,FA2001,36,inst310
session2336,OLEAD,200,FA2001,36,inst310
session3010,PHIL,300,FA2003,36,inst512
session2378,RLST,200,FA2002,36,inst330
session2390,RLST,300,SP2003,36,inst318
session2812,RLST,300,FA2002,36,inst331
session3670,SC,300,SP2005,36,inst389
session3368,VBSC,200,FA2004,36,inst359
session3677,WFS,200,SP2005,36,inst211
session3020,WFS,300,FA2003,36,inst370
session3629,BBH,100,SP2005,35,inst129
session2057,CAS,100,FA2001,35,inst142
session3094,CAS,200,SP2004,35,inst142
session3380,CAS,400,FA2004,35,inst144
session2119,CHEM,200,FA2001,35,inst526
session2742,CHEM,200,SP2003,35,inst531
session2000,DS,100,SP2002,35,inst420
session2471,DS,100,FA2002,35,inst242
session2476,DS,100,FA2002,35,inst415
session2687,DS,100,SP2003,35,inst413
session3197,DS,100,SP2004,35,inst409
session2008,DS,200,SP2002,35,inst412
session2477,DS,200,FA2002,35,inst409
session3210,DS,400,SP2004,35,inst413
session2156,ENGL,100,FA2001,35,inst426
session3057,GEOG,100,FA2003,35,inst436
session2543,IST,100,FA2002,35,inst439
session3511,IST,300,FA2004,35,inst437
session2098,JAPNS,100,FA2001,35,inst455
session2572,JST,100,FA2002,35,inst220
session2101,KINES,100,FA2001,35,inst467
session2500,KINES,100,FA2002,35,inst459
session2716,KINES,100,SP2003,35,inst463
session3231,KINES,100,SP2004,35,inst459
session3753,KINES,100,FA2004,35,inst230
session2105,KINES,200,FA2001,35,inst467
session2504,KINES,200,FA2002,35,inst468
session3237,KINES,200,SP2004,35,inst459
session3518,KINES,200,FA2004,35,inst230
session3687,KINES,200,SP2005,35,inst440
session2818,KINES,300,FA2002,35,inst465
session2436,MATH,100,FA2002,35,inst257
session2646,MATH,100,SP2003,35,inst263
session3418,MATH,100,FA2004,35,inst258
session3573,MATH,100,SP2005,35,inst263
session1957,MATH,200,FA2001,35,inst326
session2652,MATH,200,SP2003,35,inst258
session3137,MATH,300,SP2004,35,inst257
session3701,MUSIC,200,SP2005,35,inst486
session2488,NURS,100,FA2002,35,inst170
session3325,NURS,100,SP2004,35,inst498
session3349,NURS,100,SP2004,35,inst132
session2304,OLEAD,100,SP2002,35,inst285
session2580,OLEAD,100,FA2002,35,inst305
session3436,OLEAD,100,FA2004,35,inst300
session2774,OLEAD,200,SP2003,35,inst305
session2313,OLEAD,400,SP2002,35,inst300
session2592,OLEAD,400,FA2002,35,inst300
session2725,PHIL,100,SP2003,35,inst517
session3005,PHIL,100,FA2003,35,inst511
session2952,SC,200,FA2003,35,inst389
session2080,THEA,100,FA2001,35,inst356
session2081,THEA,200,FA2001,35,inst356
session2458,THEA,200,FA2002,35,inst134
session2032,WFS,100,FA2001,35,inst368
session2035,WFS,100,FA2001,35,inst138
session2816,WFS,100,FA2002,35,inst148
session2670,WFS,200,SP2003,35,inst138
session3478,WFS,300,FA2004,35,inst354
session3479,WFS,300,FA2004,35,inst375
session3480,WFS,300,FA2004,35,inst370
session3551,CAS,100,SP2005,33,inst140
session2059,CAS,300,FA2001,33,inst144
session2403,CHEM,100,FA2002,33,inst364
session2117,CHEM,200,FA2001,33,inst357
session2005,DS,100,SP2002,33,inst243
session2963,DS,100,FA2003,33,inst413
session3078,DS,100,FA2003,33,inst237
session2970,DS,300,FA2003,33,inst415
session3498,DS,300,FA2004,33,inst415
session2279,ENGL,100,SP2002,33,inst430
session2134,FIN,100,FA2001,33,inst180
session2322,GEOSC,200,SP2002,33,inst202
session1892,HIST,100,FA2000,33,inst204
session2895,HIST,100,FA2003,33,inst206
session2090,IST,100,FA2001,33,inst400
session2712,IST,300,SP2003,33,inst437
session3079,IST,300,FA2003,33,inst209
session3667,JAPNS,200,FA2004,33,inst241
session1791,JST,100,FA1993,33,inst223
session2901,JST,100,FA2003,33,inst224
session2902,JST,100,FA2003,33,inst225
session1794,JST,200,FA1993,33,inst234
session2103,KINES,100,FA2001,33,inst440
session2201,KINES,100,SP2002,33,inst462
session2714,KINES,100,SP2003,33,inst460
session2979,KINES,100,FA2003,33,inst459
session2982,KINES,100,FA2003,33,inst407
session2508,KINES,300,FA2002,33,inst462
session3783,KINES,300,FA2004,33,inst465
session1976,KOR,100,FA2001,33,inst237
session2976,KOR,200,FA2003,33,inst239
session3503,KOR,400,FA2004,33,inst238
session2790,LARCH,100,SP2003,33,inst245
session1784,MATH,100,FA1991,33,inst265
session2238,MATH,100,SP2002,33,inst259
session2437,MATH,100,FA2002,33,inst257
session2907,MATH,100,FA2003,33,inst257
session2562,MATH,300,FA2002,33,inst327
session2858,MATH,300,SP2003,33,inst260
session3063,MATH,300,FA2003,33,inst325
session3526,MUSIC,200,FA2004,33,inst404
session3001,NURS,100,FA2003,33,inst170
session3293,NURS,300,SP2004,33,inst170
session2581,OLEAD,100,FA2002,33,inst300
session3439,OLEAD,200,FA2004,33,inst310
session3440,OLEAD,200,FA2004,33,inst310
session3442,OLEAD,200,FA2004,33,inst305
session2776,OLEAD,300,SP2003,33,inst300
session2928,OLEAD,300,FA2003,33,inst316
session2723,PHIL,100,SP2003,33,inst512
session3661,SOC,100,FA2004,33,inst245
session3760,UKR,300,SP2005,33,inst137
session2251,WFS,300,SP2002,33,inst211
session2677,WFS,300,SP2003,33,inst370
session3045,WFS,300,FA2003,33,inst369
session2083,WMNST,100,FA2001,33,inst393
session2084,WMNST,100,FA2001,33,inst393
session2658,BMB,100,SP2003,32,inst401
session3189,BMB,100,SP2004,32,inst403
session2152,BMB,200,FA2001,32,inst401
session2114,CHEM,100,FA2001,32,inst359
session2115,CHEM,100,FA2001,32,inst355
session2121,CHEM,100,FA2001,32,inst360
session2404,CHEM,100,FA2002,32,inst355
session2734,CHEM,100,SP2003,32,inst364
session2271,CHEM,200,SP2002,32,inst530
session2412,CHEM,200,FA2002,32,inst524
session2743,CHEM,200,SP2003,32,inst524
session3033,CHEM,200,FA2003,32,inst358
session2424,CHEM,300,FA2002,32,inst358
session3036,CHEM,300,FA2003,32,inst363
session2689,DS,100,SP2003,32,inst410
session3205,DS,200,SP2004,32,inst415
session2481,DS,300,FA2002,32,inst409
session3387,DSM,100,FA2004,32,inst153
session2525,DSM,300,FA2002,32,inst167
session2622,DSM,300,SP2003,32,inst167
session2608,FIN,100,SP2003,32,inst182
session3524,GEOG,100,FA2004,32,inst436
session3618,GEOSC,200,SP2005,32,inst196
session2893,HIST,100,FA2003,32,inst204
session3411,HIST,100,FA2004,32,inst204
session3567,HIST,100,SP2005,32,inst208
session2544,IST,100,FA2002,32,inst209
session2825,IST,100,FA2002,32,inst209
session2945,IST,100,FA2003,32,inst438
session2947,IST,100,FA2003,32,inst437
session2093,IST,200,FA2001,32,inst437
session2318,IST,300,SP2002,32,inst438
session2097,JAPNS,100,FA2001,32,inst455
session3054,JAPNS,300,FA2003,32,inst452
session2499,KINES,100,FA2002,32,inst459
session3685,KINES,200,SP2005,32,inst468
session3780,KINES,200,FA2004,32,inst463
session3784,KINES,200,FA2004,32,inst465
session2849,KINES,300,SP2003,32,inst465
session2988,KINES,400,FA2003,32,inst463
session1935,LARCH,100,SP2001,32,inst245
session1905,MATH,100,SP2001,32,inst268
session2024,MATH,100,FA2001,32,inst266
session2025,MATH,100,FA2001,32,inst264
session2439,MATH,100,FA2002,32,inst266
session2440,MATH,100,FA2002,32,inst266
session2644,MATH,100,SP2003,32,inst257
session2645,MATH,100,SP2003,32,inst263
session2650,MATH,100,SP2003,32,inst268
session3417,MATH,100,FA2004,32,inst257
session3419,MATH,100,FA2004,32,inst262
session2651,MATH,200,SP2003,32,inst257
session3161,MATH,200,SP2004,32,inst326
session3421,MATH,200,FA2004,32,inst262
session3310,MATH,300,FA2003,32,inst326
session3424,MATH,300,FA2004,32,inst266
session3427,MATH,300,FA2004,32,inst268
session3141,MATH,400,SP2004,32,inst258
session3459,MATH,400,FA2004,32,inst321
session2992,MUSIC,200,FA2003,32,inst406
session3085,MUSIC,200,FA2003,32,inst491
session3002,NURS,100,FA2003,32,inst500
session2375,NUTR,200,FA2002,32,inst274
session2811,NUTR,200,SP2003,32,inst275
session2348,NUTR,300,SP2002,32,inst283
session2775,OLEAD,200,SP2003,32,inst305
session3257,OLEAD,200,SP2004,32,inst312
session2355,OLEAD,300,SP2002,32,inst291
session2779,OLEAD,300,SP2003,32,inst298
session2780,OLEAD,300,SP2003,32,inst298
session3449,OLEAD,300,FA2004,32,inst303
session2593,OLEAD,400,FA2002,32,inst288
session1929,PHIL,200,SP2001,32,inst519
session3134,PHIL,200,FA2003,32,inst511
session2388,RLST,100,SP2003,32,inst333
session3163,RLST,200,SP2004,32,inst333
session3011,THEA,200,FA2003,32,inst134
session3365,VBSC,100,FA2004,32,inst214
session3374,VBSC,300,FA2004,32,inst367
session1815,WFS,100,FA1999,32,inst373
session3472,WFS,100,FA2004,32,inst370
session3675,WFS,200,SP2005,32,inst369
session1841,WFS,300,SP2000,32,inst382
session2455,WMNST,200,FA2002,32,inst397
session2684,WMNST,200,SP2003,32,inst397
session3659,BBH,200,FA2004,30,inst128
session3716,BMB,100,FA2004,30,inst401
session2427,CAS,200,FA2002,30,inst142
session1836,CHEM,100,SP2000,30,inst358
session2111,CHEM,100,FA2001,30,inst364
session2126,CHEM,100,FA2001,30,inst523
session2263,CHEM,100,SP2002,30,inst355
session2405,CHEM,100,FA2002,30,inst358
session2267,CHEM,200,SP2002,30,inst526
session2269,CHEM,200,SP2002,30,inst530
session2270,CHEM,200,SP2002,30,inst359
session2744,CHEM,200,SP2003,30,inst526
session3269,CHEM,200,SP2004,30,inst363
session2127,CHEM,300,FA2001,30,inst526
session3271,CHEM,300,SP2004,30,inst135
session1942,DS,100,SP2001,30,inst416
session2349,DS,100,SP2002,30,inst414
session2961,DS,100,FA2003,30,inst242
session1973,DS,200,FA2001,30,inst418
session2479,DS,200,FA2002,30,inst243
session2862,DSM,100,FA2003,30,inst152
session3103,DSM,200,SP2004,30,inst152
session2326,EARTH,100,SP2002,30,inst169
session2564,ENGL,100,FA2002,30,inst428
session3287,ENGL,100,SP2004,30,inst425
session3311,ENGL,100,SP2004,30,inst429
session3571,HIST,300,SP2005,30,inst210
session1818,IST,200,FA1999,30,inst444
session2226,JST,100,SP2002,30,inst229
session2637,JST,100,SP2003,30,inst222
session1792,JST,300,FA1993,30,inst235
session1833,KINES,100,SP2000,30,inst125
session2980,KINES,100,FA2003,30,inst462
session2505,KINES,200,FA2002,30,inst125
session3519,KINES,200,FA2004,30,inst399
session3690,KINES,200,SP2005,30,inst467
session3829,KINES,600,SP2005,30,inst467
session2324,LARCH,100,SP2002,30,inst245
session2259,LARCH,300,FA2001,30,inst251
session2794,LARCH,300,SP2003,30,inst255
session2441,MATH,100,FA2002,30,inst261
session2647,MATH,100,SP2003,30,inst261
session3416,MATH,100,FA2004,30,inst257
session1994,MATH,200,SP2002,30,inst326
session2239,MATH,200,SP2002,30,inst258
session3318,MATH,200,FA2003,30,inst267
session1997,MATH,300,SP2002,30,inst322
session2561,MATH,300,FA2002,30,inst322
session2654,MATH,300,SP2003,30,inst269
session3062,MATH,300,FA2003,30,inst323
session3138,MATH,300,SP2004,30,inst258
session3623,MATH,400,SP2005,30,inst322
session2196,MUSIC,200,SP2002,30,inst483
session2990,MUSIC,200,FA2003,30,inst476
session2993,MUSIC,200,FA2003,30,inst476
session2358,MUSIC,300,SP2002,30,inst496
session2760,MUSIC,300,SP2003,30,inst484
session2996,MUSIC,300,FA2003,30,inst488
session3249,MUSIC,300,SP2004,30,inst476
session2800,NURS,100,SP2003,30,inst132
session3089,NURS,200,FA2003,30,inst500
session2803,NURS,300,SP2003,30,inst500
session2374,NUTR,200,FA2002,30,inst278
session3143,NUTR,200,SP2004,30,inst277
session2843,NUTR,300,SP2003,30,inst133
session2296,OLEAD,100,FA2001,30,inst291
session2306,OLEAD,100,SP2002,30,inst291
session2922,OLEAD,200,FA2003,30,inst310
session2923,OLEAD,200,FA2003,30,inst310
session2590,OLEAD,300,FA2002,30,inst308
session2925,OLEAD,300,FA2003,30,inst163
session3156,OLEAD,300,SP2004,30,inst300
session3444,OLEAD,300,FA2004,30,inst304
session3542,OT,300,FA2004,30,inst390
session1839,PHIL,100,FA1999,30,inst510
session2316,PHIL,100,SP2002,30,inst515
session3547,PHIL,200,FA2004,30,inst353
session2377,RLST,100,FA2002,30,inst333
session2451,SC,300,FA2002,30,inst392
session2535,SPAN,100,FA2002,30,inst340
session3285,THEA,200,SP2004,30,inst134
session3762,UKR,400,SP2005,30,inst220
session3736,VBSC,100,SP2005,30,inst360
session3375,VBSC,400,FA2004,30,inst358
session3043,WFS,100,FA2003,30,inst373
session2394,WFS,200,FA2002,30,inst375
session2820,WFS,200,FA2002,30,inst337
session3628,WMNST,200,SP2005,30,inst169
session3811,WMNST,200,SP2005,30,inst169
session2498,BMB,200,FA2002,29,inst401
session2603,CAS,100,SP2003,29,inst146
session2875,CAS,200,FA2003,29,inst142
session2604,CAS,300,SP2003,29,inst141
session3553,CAS,400,SP2005,29,inst141
session1930,CHEM,100,SP2001,29,inst364
session2407,CHEM,100,FA2002,29,inst357
session3024,CHEM,100,FA2003,29,inst358
session2130,CHEM,200,FA2001,29,inst359
session2414,CHEM,200,FA2002,29,inst363
session3278,CHEM,400,SP2004,29,inst135
session2003,DS,100,SP2002,29,inst416
session3637,DS,200,SP2005,29,inst243
session3639,DS,300,SP2005,29,inst415
session2062,DSM,200,FA2001,29,inst159
session1848,ENGL,100,FA2000,29,inst424
session2609,FIN,100,SP2003,29,inst177
session2885,FIN,300,FA2003,29,inst185
session2321,GEOSC,100,SP2002,29,inst196
session2530,GEOSC,100,FA2002,29,inst188
session2072,HIST,100,FA2001,29,inst204
session2367,IE,300,SP2002,29,inst213
session1817,IST,100,FA1999,29,inst423
session3506,IST,100,FA2004,29,inst400
session3508,IST,100,FA2004,29,inst437
session2216,IST,200,SP2002,29,inst400
session3336,IST,300,SP2004,29,inst209
session2766,JAPNS,100,SP2003,29,inst455
session2136,JST,100,FA2001,29,inst221
session2567,JST,100,FA2002,29,inst221
session2569,JST,100,FA2002,29,inst224
session2230,JST,300,SP2002,29,inst224
session2104,KINES,100,FA2001,29,inst462
session2974,KOR,100,FA2003,29,inst238
session3502,KOR,100,FA2004,29,inst237
session2237,MATH,100,SP2002,29,inst268
session2782,MATH,100,SP2003,29,inst324
session2837,MATH,100,FA2002,29,inst263
session3347,MATH,200,SP2004,29,inst322
session2241,MATH,300,SP2002,29,inst259
session3582,MATH,400,SP2005,29,inst266
session3583,MATH,400,SP2005,29,inst263
session2548,MUSIC,200,FA2002,29,inst481
session3705,MUSIC,300,SP2005,29,inst488
session3534,NURS,100,FA2004,29,inst497
session3296,NURS,200,SP2004,29,inst500
session3586,NUTR,200,SP2005,29,inst133
session1907,OLEAD,100,SP2001,29,inst285
session2850,OLEAD,100,SP2003,29,inst308
session2920,OLEAD,100,FA2003,29,inst163
session3150,OLEAD,100,SP2004,29,inst291
session3437,OLEAD,100,FA2004,29,inst302
session3590,OLEAD,100,SP2005,29,inst304
session2584,OLEAD,200,FA2002,29,inst310
session2585,OLEAD,200,FA2002,29,inst310
session2777,OLEAD,300,SP2003,29,inst305
session2927,OLEAD,300,FA2003,29,inst291
session3446,OLEAD,300,FA2004,29,inst302
session3597,OLEAD,300,SP2005,29,inst300
session2460,PHIL,100,FA2002,29,inst511
session2462,PHIL,200,FA2002,29,inst353
session3007,PHIL,200,FA2003,29,inst511
session3546,PHIL,200,FA2004,29,inst511
session3806,PHIL,200,SP2005,29,inst511
session3084,RLST,200,FA2003,29,inst331
session3768,SC,300,SP2005,29,inst389
session2662,SPAN,100,SP2003,29,inst342
session1946,THEA,100,SP2001,29,inst311
session3366,VBSC,200,FA2004,29,inst362
session3800,VBSC,200,FA2004,29,inst155
session3373,VBSC,300,FA2004,29,inst360
session1911,WFS,100,SP2001,29,inst373
session2247,WFS,100,SP2002,29,inst374
session2669,WFS,100,SP2003,29,inst369
session3476,WFS,200,FA2004,29,inst371
session3676,WFS,200,SP2005,29,inst372
session2365,WFS,300,SP2002,29,inst384
session2397,WFS,300,FA2002,29,inst354
session3251,WFS,300,SP2004,29,inst138
session2252,WFS,400,SP2002,29,inst372
session2253,WFS,400,SP2002,29,inst372
session3487,WMNST,300,FA2004,29,inst394
session3382,CAS,200,FA2004,27,inst144
session1854,CAS,300,FA2000,27,inst141
session2429,CAS,300,FA2002,27,inst140
session3718,CAS,300,FA2004,27,inst143
session2408,CHEM,100,FA2002,27,inst214
session2735,CHEM,100,SP2003,27,inst525
session3025,CHEM,100,FA2003,27,inst360
session2113,CHEM,200,FA2001,27,inst359
session2413,CHEM,200,FA2002,27,inst362
session2417,CHEM,200,FA2002,27,inst526
session3026,CHEM,200,FA2003,27,inst364
session3031,CHEM,200,FA2003,27,inst359
session3270,CHEM,200,SP2004,27,inst527
session2124,CHEM,300,FA2001,27,inst528
session2277,CHEM,300,SP2002,27,inst526
session2749,CHEM,300,SP2003,27,inst214
session3035,CHEM,300,FA2003,27,inst135
session3037,CHEM,300,FA2003,27,inst526
session3274,CHEM,300,SP2004,27,inst358
session3276,CHEM,400,SP2004,27,inst360
session2474,DS,100,FA2002,27,inst408
session3638,DS,200,SP2005,27,inst415
session2482,DS,300,FA2002,27,inst243
session2699,DS,300,SP2003,27,inst408
session2169,DSM,300,SP2002,27,inst167
session2528,DSM,300,FA2002,27,inst161
session3658,EARTH,100,FA2004,27,inst171
session2795,ENGL,100,SP2003,27,inst425
session2796,ENGL,100,SP2003,27,inst426
session2176,FIN,300,SP2002,27,inst192
session2594,HIST,100,FA2002,27,inst205
session2317,IE,100,SP2002,27,inst213
session2214,IST,100,SP2002,27,inst400
session2570,JST,100,FA2002,27,inst230
session2102,KINES,100,FA2001,27,inst440
session2199,KINES,100,SP2002,27,inst440
session2981,KINES,100,FA2003,27,inst464
session3515,KINES,100,FA2004,27,inst440
session3303,KINES,200,FA2003,27,inst470
session1979,KOR,100,FA2001,27,inst236
session2975,KOR,200,FA2003,27,inst240
session3644,KOR,300,SP2005,27,inst239
session2554,MATH,100,FA2002,27,inst322
session3132,MATH,100,SP2004,27,inst257
session3420,MATH,100,FA2004,27,inst263
session2785,MATH,200,SP2003,27,inst326
session3315,MATH,200,FA2003,27,inst270
session2240,MATH,300,SP2002,27,inst263
session3314,MATH,300,FA2003,27,inst268
session2656,MATH,400,SP2003,27,inst266
session3360,MATH,400,SP2004,27,inst322
session3316,MUSIC,200,FA2003,27,inst404
session3529,MUSIC,300,FA2004,27,inst492
session3758,MUSIC,300,FA2004,27,inst492
session3539,NURS,300,FA2004,27,inst170
session2386,NUTR,300,SP2003,27,inst278
session2916,NUTR,300,FA2003,27,inst274
session2305,OLEAD,100,SP2002,27,inst309
session3589,OLEAD,100,SP2005,27,inst303
session2308,OLEAD,300,SP2002,27,inst293
session2828,OLEAD,300,FA2002,27,inst130
session3594,OLEAD,300,SP2005,27,inst313
session3734,OLEAD,300,SP2005,27,inst302
session2834,PHIL,100,FA2002,27,inst513
session2726,PHIL,200,SP2003,27,inst518
session3008,PHIL,200,FA2003,27,inst517
session2182,PHIL,300,SP2002,27,inst511
session3263,PHIL,400,SP2004,27,inst517
session2933,RLST,200,FA2003,27,inst333
session3483,SC,100,FA2004,27,inst388
session3185,SC,200,SP2004,27,inst388
session3484,SC,200,FA2004,27,inst389
session1987,SC,300,FA2001,27,inst387
session2449,SC,300,FA2002,27,inst389
session3066,SOC,200,FA2003,27,inst533
session3664,SOC,300,FA2004,27,inst249
session3600,SPAN,100,SP2005,27,inst338
session3725,SPAN,100,FA2004,27,inst317
session2665,SPAN,300,SP2003,27,inst339
session2144,TURF,100,FA2001,27,inst345
session3759,UKR,200,SP2005,27,inst351
session3021,WFS,100,FA2003,27,inst371
session2037,WFS,200,FA2001,27,inst374
session3672,WFS,200,SP2005,27,inst138
session3814,WFS,200,SP2005,27,inst372
session2398,WFS,300,FA2002,27,inst381
session2400,WFS,300,FA2002,27,inst370
session3180,WFS,300,SP2004,27,inst373
session3608,WFS,300,SP2005,27,inst211
session2682,WFS,400,SP2003,27,inst138
session2343,ASTRO,100,SP2002,26,inst126
session3724,BMB,300,FA2004,26,inst402
session3765,CAS,100,SP2005,26,inst141
session3717,CAS,200,FA2004,26,inst140
session3193,CAS,300,SP2004,26,inst143
session3810,CAS,300,SP2005,26,inst143
session2402,CHEM,100,FA2002,26,inst214
session2732,CHEM,100,SP2003,26,inst214
session2733,CHEM,100,SP2003,26,inst358
session3266,CHEM,100,SP2004,26,inst360
session2342,CHEM,200,FA2001,26,inst523
session2410,CHEM,200,FA2002,26,inst524
session3034,CHEM,200,FA2003,26,inst214
session3041,CHEM,400,FA2003,26,inst358
session3629,DS,100,SP2005,26,inst129
session2971,DS,300,FA2003,26,inst243
session3500,DS,300,FA2004,26,inst418
session3641,DS,300,SP2005,26,inst409
session2060,DSM,200,FA2001,26,inst166
session2063,DSM,200,FA2001,26,inst161
session2566,ENGL,200,FA2002,26,inst424
session2613,FIN,300,SP2003,26,inst192
session2614,FIN,300,SP2003,26,inst185
session3109,FIN,300,SP2004,26,inst182
session3410,GEOSC,400,FA2004,26,inst199
session2634,HIST,100,SP2003,26,inst205
session2382,IE,100,SP2003,26,inst128
session2949,IST,200,FA2003,26,inst438
session3510,IST,200,FA2004,26,inst400
session2516,JAPNS,200,FA2002,26,inst452
session2138,JST,100,FA2001,26,inst224
session2636,JST,100,SP2003,26,inst217
session2718,KINES,200,SP2003,26,inst459
session3686,KINES,200,SP2005,26,inst472
session3238,KINES,300,SP2004,26,inst462
session3239,KINES,300,SP2004,26,inst440
session2704,KOR,200,SP2003,26,inst236
session3213,KOR,200,SP2004,26,inst239
session1952,MATH,100,FA2001,26,inst322
session2649,MATH,100,SP2003,26,inst263
session1953,MATH,200,FA2001,26,inst322
session2653,MATH,200,SP2003,26,inst268
session2784,MATH,200,SP2003,26,inst326
session3622,MATH,200,SP2005,26,inst326
session3423,MATH,300,FA2004,26,inst269
session3781,MUSIC,200,FA2004,26,inst494
session3248,MUSIC,300,SP2004,26,inst490
session3796,NURS,100,SP2005,26,inst132
session2492,NURS,200,FA2002,26,inst126
session2801,NURS,200,SP2003,26,inst503
session2998,NURS,200,FA2003,26,inst126
session2109,NURS,300,FA2001,26,inst500
session2804,NURS,300,SP2003,26,inst132
session2805,NURS,300,SP2003,26,inst501
session3812,NURS,300,SP2005,26,inst136
session3144,NUTR,200,SP2004,26,inst133
session2297,OLEAD,100,FA2001,26,inst285
session2368,OLEAD,100,SP2002,26,inst295
session2577,OLEAD,100,FA2002,26,inst293
session2770,OLEAD,100,SP2003,26,inst293
session2919,OLEAD,100,FA2003,26,inst298
session3147,OLEAD,100,SP2004,26,inst297
session3339,OLEAD,200,SP2004,26,inst297
session3340,OLEAD,200,SP2004,26,inst297
session3443,OLEAD,200,FA2004,26,inst300
session2334,OLEAD,300,SP2002,26,inst309
session2591,OLEAD,300,FA2002,26,inst298
session3155,OLEAD,300,SP2004,26,inst163
session3450,OLEAD,300,FA2004,26,inst300
session3255,OT,200,SP2004,26,inst352
session2362,PHIL,100,SP2002,26,inst512
session2461,PHIL,100,FA2002,26,inst353
session3544,PHIL,100,FA2004,26,inst473
session2464,PHIL,300,FA2002,26,inst511
session3083,RLST,200,FA2003,26,inst334
session3779,RLST,200,FA2004,26,inst318
session2936,RLST,300,FA2003,26,inst333
session3485,SC,200,FA2004,26,inst388
session3284,THEA,100,SP2004,26,inst536
session2145,TURF,100,FA2001,26,inst346
session3019,TURF,300,FA2003,26,inst349
session3763,UKR,100,SP2005,26,inst222
session3735,VBSC,100,SP2005,26,inst359
session3695,WFS,200,FA2004,26,inst370
session2352,WFS,300,SP2002,26,inst337
session2396,WFS,300,FA2002,26,inst354
session2680,WFS,400,SP2003,26,inst372
session2219,WMNST,100,SP2002,26,inst396
session2221,WMNST,200,SP2002,26,inst394
session2954,WMNST,200,FA2003,26,inst394
session3691,BBH,200,SP2005,24,inst125
session2150,BMB,100,FA2001,24,inst401
session2151,BMB,100,FA2001,24,inst402
session2058,CAS,100,FA2001,24,inst143
session3192,CAS,100,SP2004,24,inst141
session3764,CAS,200,SP2005,24,inst145
session3719,CAS,300,FA2004,24,inst141
session3264,CHEM,100,SP2004,24,inst214
session2112,CHEM,200,FA2001,24,inst357
session2265,CHEM,200,SP2002,24,inst364
session2268,CHEM,200,SP2002,24,inst362
session2411,CHEM,200,FA2002,24,inst363
session2415,CHEM,200,FA2002,24,inst525
session2738,CHEM,200,SP2003,24,inst357
session2123,CHEM,300,FA2001,24,inst358
session2418,CHEM,300,FA2002,24,inst528
session2421,CHEM,300,FA2002,24,inst357
session2746,CHEM,300,SP2003,24,inst528
session2751,CHEM,300,SP2003,24,inst360
session3039,CHEM,300,FA2003,24,inst363
session3040,CHEM,400,FA2003,24,inst528
session1940,DS,100,FA2000,24,inst409
session1968,DS,100,FA2001,24,inst412
session1970,DS,100,FA2001,24,inst237
session2962,DS,100,FA2003,24,inst240
session1845,DS,200,SP2001,24,inst414
session2010,DS,200,SP2002,24,inst415
session1975,DS,300,FA2001,24,inst243
session3642,DS,400,SP2005,24,inst408
session2061,DSM,200,FA2001,24,inst158
session2520,DSM,200,FA2002,24,inst157
session2522,DSM,200,FA2002,24,inst159
session3558,DSM,200,SP2005,24,inst157
session3813,DSM,200,SP2005,24,inst158
session2527,DSM,300,FA2002,24,inst168
session3068,ENGL,100,FA2003,24,inst426
session3071,ENGL,300,FA2003,24,inst424
session3290,ENGL,300,SP2004,24,inst424
session2333,FIN,100,FA2001,24,inst176
session2338,FIN,100,FA2001,24,inst180
session2612,FIN,200,SP2003,24,inst182
session3401,FIN,300,FA2004,24,inst192
session2017,GEOSC,100,FA2001,24,inst188
session2070,HIST,100,FA2001,24,inst204
session2595,HIST,100,FA2002,24,inst208
session2596,HIST,100,FA2002,24,inst206
session2660,HIST,100,FA2002,24,inst204
session3123,HIST,200,SP2004,24,inst204
session2180,HIST,400,SP2002,24,inst204
session2076,IE,300,FA2001,24,inst128
session1884,IST,100,FA2000,24,inst438
session2088,IST,100,FA2001,24,inst437
session2091,IST,100,FA2001,24,inst400
session2823,IST,200,FA2002,24,inst439
session2096,JAPNS,100,FA2001,24,inst447
session1858,JST,100,FA2000,24,inst137
session2345,JST,100,FA2001,24,inst226
session2143,JST,200,FA2001,24,inst223
session2639,JST,200,SP2003,24,inst137
session3142,JST,300,FA2003,24,inst220
session2100,KINES,100,FA2001,24,inst465
session3234,KINES,100,SP2004,24,inst440
session2984,KINES,200,FA2003,24,inst467
session3772,KINES,200,SP2005,24,inst230
session2721,KINES,300,SP2003,24,inst463
session3520,KINES,300,FA2004,24,inst463
session3212,KOR,200,SP2004,24,inst238
session1859,LARCH,100,FA2000,24,inst246
session2255,LARCH,100,FA2001,24,inst247
session2257,LARCH,100,FA2001,24,inst244
session2809,LARCH,100,FA2002,24,inst251
session2793,LARCH,300,SP2003,24,inst246
session1950,MATH,100,FA2001,24,inst323
session1951,MATH,100,FA2001,24,inst323
session2021,MATH,100,FA2001,24,inst263
session2648,MATH,100,SP2003,24,inst261
session2558,MATH,200,FA2002,24,inst323
session3060,MATH,200,FA2003,24,inst323
session1958,MATH,300,FA2001,24,inst324
session2786,MATH,300,SP2003,24,inst326
session3426,MATH,300,FA2004,24,inst268
session3359,MATH,400,SP2004,24,inst325
session2044,MUSIC,100,FA2001,24,inst436
session3527,MUSIC,200,FA2004,24,inst491
session3528,MUSIC,200,FA2004,24,inst493
session3333,MUSIC,300,SP2004,24,inst406
session3532,MUSIC,400,FA2004,24,inst480
session3348,NURS,100,SP2004,24,inst132
session3794,NURS,200,FA2004,24,inst132
session2337,NURS,300,SP2002,24,inst503
session1983,NUTR,300,FA2001,24,inst278
session3432,NUTR,400,FA2004,24,inst278
session1867,OLEAD,100,FA2000,24,inst163
session2291,OLEAD,100,FA2001,24,inst288
session2292,OLEAD,100,FA2001,24,inst292
session2294,OLEAD,100,FA2001,24,inst163
session2303,OLEAD,100,SP2002,24,inst293
session2576,OLEAD,100,FA2002,24,inst289
session2839,OLEAD,100,FA2002,24,inst298
session2841,OLEAD,100,SP2003,24,inst306
session2855,OLEAD,100,SP2003,24,inst297
session3588,OLEAD,100,SP2005,24,inst299
session2307,OLEAD,200,SP2002,24,inst300
session2586,OLEAD,200,FA2002,24,inst293
session2773,OLEAD,200,SP2003,24,inst289
session3074,OLEAD,200,FA2003,24,inst292
session3151,OLEAD,200,SP2004,24,inst288
session3593,OLEAD,200,SP2005,24,inst310
session2924,OLEAD,300,FA2003,24,inst301
session3076,OLEAD,300,FA2003,24,inst316
session3257,OT,200,SP2004,24,inst312
session1802,OT,300,SP1997,24,inst390
session1928,PHIL,100,SP2001,24,inst515
session2361,PHIL,100,SP2002,24,inst512
session2181,PHIL,200,SP2002,24,inst517
session2183,PHIL,300,SP2002,24,inst511
session3261,PHIL,300,SP2004,24,inst511
session3300,PHIL,300,FA2003,24,inst517
session2029,RLST,100,FA2001,24,inst330
session3465,RLST,200,FA2004,24,inst335
session3782,RLST,400,FA2004,24,inst334
session2789,SC,300,SP2003,24,inst389
session3183,SC,300,SP2004,24,inst389
session3655,SOC,200,SP2005,24,inst246
session2077,SPAN,300,FA2001,24,inst341
session2457,THEA,100,FA2002,24,inst134
session3726,THEA,100,SP2005,24,inst490
session2459,THEA,300,FA2002,24,inst536
session2148,TURF,300,FA2001,24,inst347
session3367,VBSC,200,FA2004,24,inst363
session3369,VBSC,200,FA2004,24,inst362
session2031,WFS,100,FA2001,24,inst211
session2034,WFS,100,FA2001,24,inst374
session3254,WFS,100,SP2004,24,inst138
session3674,WFS,100,SP2005,24,inst376
session3605,WFS,200,SP2005,24,inst371
session1871,WFS,300,FA2000,24,inst369
session2039,WFS,300,FA2001,24,inst373
session2339,WFS,300,FA2001,24,inst369
session3358,WFS,300,SP2004,24,inst373
session2220,WMNST,100,SP2002,24,inst396
session1894,WMNST,200,FA2000,24,inst398
session2218,BMB,100,SP2002,23,inst402
session2497,BMB,100,FA2002,23,inst401
session2873,CAS,200,FA2003,23,inst143
session2874,CAS,200,FA2003,23,inst141
session3381,CAS,200,FA2004,23,inst145
session2878,CAS,400,FA2003,23,inst146
session1931,CHEM,100,SP2001,23,inst363
session2260,CHEM,100,SP2002,23,inst214
session2262,CHEM,100,SP2002,23,inst524
session2416,CHEM,200,FA2002,23,inst526
session3032,CHEM,200,FA2003,23,inst364
session2419,CHEM,300,FA2002,23,inst528
session2420,CHEM,300,FA2002,23,inst357
session2747,CHEM,300,SP2003,23,inst526
session3038,CHEM,300,FA2003,23,inst355
session3200,DS,100,SP2004,23,inst243
session2700,DS,300,SP2003,23,inst418
session2813,DS,300,SP2003,23,inst409
session3208,DS,300,SP2004,23,inst412
session2859,DSM,100,FA2003,23,inst149
session3384,DSM,100,FA2004,23,inst149
session2521,DSM,200,FA2002,23,inst158
session2618,DSM,200,SP2003,23,inst157
session2619,DSM,200,SP2003,23,inst158
session3100,DSM,200,SP2004,23,inst157
session3389,DSM,200,FA2004,23,inst157
session3559,DSM,200,SP2005,23,inst158
session2826,DSM,300,FA2002,23,inst153
session2869,DSM,300,FA2003,23,inst151
session3790,ENGL,100,FA2004,23,inst432
session2158,ENGL,200,FA2001,23,inst429
session2565,ENGL,200,FA2002,23,inst429
session3785,ENGL,200,SP2005,23,inst427
session2814,ENGL,300,SP2003,23,inst429
session3398,FIN,300,FA2004,23,inst182
session3399,FIN,300,FA2004,23,inst189
session3116,GEOSC,200,SP2004,23,inst203
session2826,HIST,300,FA2002,23,inst153
session2073,IST,200,FA2001,23,inst209
session3219,IST,300,SP2004,23,inst437
session3230,JAPNS,400,SP2004,23,inst453
session2137,JST,100,FA2001,23,inst223
session2139,JST,100,FA2001,23,inst230
session2140,JST,100,FA2001,23,inst230
session2141,JST,100,FA2001,23,inst220
session2568,JST,100,FA2002,23,inst223
session2899,JST,100,FA2003,23,inst221
session3126,JST,200,SP2004,23,inst137
session2641,JST,300,SP2003,23,inst220
session2642,JST,300,SP2003,23,inst137
session2643,JST,300,SP2003,23,inst232
session3131,JST,400,SP2004,23,inst137
session2986,KINES,200,FA2003,23,inst440
session3787,KINES,200,SP2005,23,inst469
session2486,KOR,200,FA2002,23,inst242
session3749,KOR,300,FA2004,23,inst236
session2254,LARCH,100,FA2001,23,inst244
session1992,MATH,100,SP2002,23,inst321
session2559,MATH,200,FA2002,23,inst327
session3086,MATH,300,FA2003,23,inst259
session3323,MATH,300,FA2003,23,inst266
session3317,MUSIC,300,FA2003,23,inst484
session3706,MUSIC,300,SP2005,23,inst495
session2552,MUSIC,400,FA2002,23,inst490
session2107,NURS,100,FA2001,23,inst499
session2094,NUTR,200,FA2001,23,inst278
session2915,NUTR,200,FA2003,23,inst275
session2302,OLEAD,100,SP2002,23,inst290
session2575,OLEAD,100,FA2002,23,inst289
session2582,OLEAD,100,FA2002,23,inst308
session2769,OLEAD,100,SP2003,23,inst291
session2771,OLEAD,100,SP2003,23,inst296
session3146,OLEAD,100,SP2004,23,inst291
session3148,OLEAD,100,SP2004,23,inst289
session3434,OLEAD,100,FA2004,23,inst299
session3435,OLEAD,100,FA2004,23,inst299
session3820,OLEAD,100,SP2005,23,inst299
session3152,OLEAD,200,SP2004,23,inst288
session3441,OLEAD,200,FA2004,23,inst291
session2588,OLEAD,300,FA2002,23,inst293
session2926,OLEAD,300,FA2003,23,inst315
session3817,OLEAD,300,SP2005,23,inst302
session3818,OLEAD,300,SP2005,23,inst303
session3819,OLEAD,400,SP2005,23,inst310
session1878,OT,300,FA2000,23,inst507
session1926,OT,300,SP2001,23,inst507
session2754,OT,300,SP2003,23,inst390
session3258,PHIL,100,SP2004,23,inst473
session3545,PHIL,100,FA2004,23,inst511
session2328,RLST,100,SP2002,23,inst333
session3077,SC,200,FA2003,23,inst320
session2846,SC,300,SP2003,23,inst389
session2223,SPAN,200,SP2002,23,inst340
session3737,VBSC,100,SP2005,23,inst214
session3754,VBSC,100,FA2004,23,inst214
session3741,VBSC,200,SP2005,23,inst364
session3371,VBSC,300,FA2004,23,inst135
session2040,WFS,300,FA2001,23,inst381
session2676,WFS,300,SP2003,23,inst148
session3182,WFS,300,SP2004,23,inst369
session3291,WFS,300,FA2003,23,inst138
session3292,WFS,300,FA2003,23,inst138
session2085,WMNST,200,FA2001,23,inst394
session3756,BBH,100,SP2005,21,inst130
session2942,BMB,100,FA2003,21,inst401
session3722,BMB,200,SP2005,21,inst402
session2659,BMB,300,SP2003,21,inst401
session2876,CAS,200,FA2003,21,inst141
session2430,CAS,300,FA2002,21,inst144
session3096,CAS,300,SP2004,21,inst144
session1890,CHEM,100,FA2000,21,inst214
session2406,CHEM,100,FA2002,21,inst362
session2409,CHEM,200,FA2002,21,inst364
session1837,CHEM,300,SP2000,21,inst528
session2120,CHEM,300,FA2001,21,inst355
session2276,CHEM,300,SP2002,21,inst526
session2423,CHEM,300,FA2002,21,inst526
session2748,CHEM,300,SP2003,21,inst528
session3330,CHEM,300,FA2003,21,inst528
session1938,DS,100,FA2000,21,inst418
session3207,DS,100,SP2004,21,inst237
session2860,DSM,100,FA2003,21,inst149
session3014,DSM,100,FA2003,21,inst154
session3385,DSM,100,FA2004,21,inst149
session2164,DSM,200,SP2002,21,inst157
session2518,DSM,200,FA2002,21,inst149
session2617,DSM,200,SP2003,21,inst149
session3562,DSM,200,SP2005,21,inst162
session3394,DSM,300,FA2004,21,inst161
session2278,ENGL,100,SP2002,21,inst425
session3288,ENGL,100,SP2004,21,inst426
session3751,ENGL,100,FA2004,21,inst429
session3543,ENGL,400,FA2004,21,inst424
session2340,FIN,100,FA2001,21,inst175
session2886,FIN,300,FA2003,21,inst188
session3111,FIN,300,SP2004,21,inst192
session3612,FIN,300,SP2005,21,inst182
session2531,GEOSC,100,FA2002,21,inst200
session3409,GEOSC,300,FA2004,21,inst202
session2633,HIST,100,SP2003,21,inst208
session3412,HIST,100,FA2004,21,inst206
session3218,IST,200,SP2004,21,inst400
session2711,IST,300,SP2003,21,inst438
session2509,IST,400,FA2002,21,inst400
session3669,JAPNS,400,FA2004,21,inst453
session2571,JST,100,FA2002,21,inst225
session3125,JST,100,SP2004,21,inst222
session2599,JST,300,FA2002,21,inst220
session3130,JST,300,SP2004,21,inst232
session3688,KINES,200,SP2005,21,inst440
session2483,KOR,100,FA2002,21,inst237
session2364,LARCH,300,SP2002,21,inst248
session1863,MATH,100,FA2000,21,inst264
session2231,MATH,100,SP2002,21,inst257
session3058,MATH,100,FA2003,21,inst322
session1996,MATH,200,SP2002,21,inst321
session3808,MUSIC,200,SP2005,21,inst485
session2844,MUSIC,300,SP2003,21,inst483
session2185,NURS,200,SP2002,21,inst499
session2836,NURS,200,SP2003,21,inst132
session3250,NURS,400,SP2004,21,inst499
session3585,NUTR,200,SP2005,21,inst276
session3587,NUTR,300,SP2005,21,inst275
session2807,OLEAD,100,SP2003,21,inst130
session2918,OLEAD,100,FA2003,21,inst297
session1944,OLEAD,200,FA2000,21,inst305
session3356,OLEAD,200,SP2004,21,inst288
session2589,OLEAD,300,FA2002,21,inst306
session2778,OLEAD,300,SP2003,21,inst308
session2851,OLEAD,300,SP2003,21,inst308
session2929,OLEAD,300,FA2003,21,inst288
session3075,OLEAD,300,FA2003,21,inst292
session3342,OLEAD,300,SP2004,21,inst305
session3599,OLEAD,300,SP2005,21,inst316
session2314,OLEAD,400,SP2002,21,inst288
session3713,OT,200,SP2005,21,inst352
session3009,PHIL,200,FA2003,21,inst353
session2315,PHIL,300,SP2002,21,inst511
session2728,PHIL,300,SP2003,21,inst511
session3454,SC,200,FA2004,21,inst320
session2311,SC,300,FA2001,21,inst391
session2450,SC,300,FA2002,21,inst389
session2657,SC,300,SP2003,21,inst320
session3792,SC,400,FA2004,21,inst389
session3653,SOC,100,SP2005,21,inst249
session3662,SOC,100,FA2004,21,inst248
session3281,SOC,200,SP2004,21,inst246
session3363,SOC,200,SP2004,21,inst246
session3656,SOC,200,SP2005,21,inst245
session3663,SOC,200,FA2004,21,inst244
session3827,SPAN,200,SP2005,21,inst317
session3729,THEA,200,SP2005,21,inst134
session2731,THEA,300,SP2003,21,inst536
session3549,THEA,300,FA2004,21,inst134
session2246,TURF,100,SP2002,21,inst349
session3016,TURF,100,FA2003,21,inst346
session3470,TURF,300,FA2004,21,inst346
session2288,UKR,100,SP2002,21,inst345
session3372,VBSC,300,FA2004,21,inst365
session3777,VBSC,300,SP2005,21,inst362
session3747,VBSC,400,SP2005,21,inst135
session3673,WFS,200,SP2005,21,inst369
session2248,WFS,300,SP2002,21,inst381
session2675,WFS,300,SP2003,21,inst148
session2042,WFS,400,FA2001,21,inst372
session2955,WMNST,300,FA2003,21,inst394
session2162,CAS,300,SP2002,20,inst143
session2607,CAS,300,SP2003,20,inst144
session2129,CHEM,100,FA2001,20,inst214
session2264,CHEM,100,SP2002,20,inst359
session1824,CHEM,200,FA1999,20,inst364
session3268,CHEM,200,SP2004,20,inst359
session2125,CHEM,300,FA2001,20,inst357
session2275,CHEM,300,SP2002,20,inst355
session2422,CHEM,300,FA2002,20,inst524
session2750,CHEM,300,SP2003,20,inst360
session3636,DS,200,SP2005,20,inst420
session2972,DS,400,FA2003,20,inst242
session1882,DSM,200,FA2000,20,inst166
session2163,DSM,200,SP2002,20,inst166
session2166,DSM,200,SP2002,20,inst159
session2519,DSM,200,FA2002,20,inst149
session2863,DSM,200,FA2003,20,inst158
session2864,DSM,200,FA2003,20,inst160
session3798,EARTH,100,FA2004,20,inst171
session2879,FIN,100,FA2003,20,inst179
session3402,FIN,300,FA2004,20,inst193
session2541,GEOG,100,FA2002,120,inst436
session3243,GEOG,200,SP2004,20,inst436
session1886,IST,400,FA2000,20,inst400
session3512,IST,400,FA2004,20,inst423
session2515,JAPNS,100,FA2002,20,inst455
session2768,JAPNS,200,SP2003,20,inst452
session3228,JAPNS,300,SP2004,20,inst241
session3668,JAPNS,400,FA2004,20,inst452
session2904,JST,100,FA2003,20,inst228
session3196,JST,200,SP2004,20,inst219
session2720,KINES,200,SP2003,20,inst468
session2845,KINES,300,SP2003,20,inst478
session3693,KINES,300,SP2005,20,inst399
session2013,KOR,100,SP2002,20,inst236
session2701,KOR,100,SP2003,20,inst237
session3042,LER,100,FA2003,20,inst362
session2555,MATH,100,FA2002,20,inst322
session1954,MATH,200,FA2001,20,inst328
session1955,MATH,200,FA2001,20,inst328
session1959,MATH,300,FA2001,20,inst323
session3698,MUSIC,100,SP2005,20,inst483
session2195,MUSIC,200,SP2002,20,inst492
session3825,MUSIC,200,SP2005,20,inst480
session3334,MUSIC,400,SP2004,20,inst492
session3533,MUSIC,400,FA2004,20,inst436
session3707,MUSIC,400,SP2005,20,inst490
session3709,NURS,100,SP2005,20,inst132
session3324,NURS,200,FA2003,20,inst498
session2188,NURS,300,SP2002,20,inst500
session1981,NUTR,200,FA2001,20,inst275
session2215,NUTR,200,SP2002,20,inst281
session2385,NUTR,200,SP2003,20,inst281
session2290,OLEAD,100,FA2001,20,inst286
session2298,OLEAD,100,FA2001,20,inst285
session3816,OLEAD,200,SP2005,20,inst292
session3154,OLEAD,300,SP2004,20,inst304
session3445,OLEAD,300,FA2004,20,inst313
session3159,OLEAD,400,SP2004,20,inst291
session3540,OT,100,FA2004,20,inst390
session2051,PHIL,100,FA2001,20,inst473
session3731,PHIL,100,SP2005,20,inst514
session2372,PHIL,300,FA2002,20,inst128
session2463,PHIL,300,FA2002,20,inst511
session2727,PHIL,300,SP2003,20,inst511
session2729,PHIL,300,SP2003,20,inst353
session3466,RLST,300,FA2004,20,inst333
session3171,RLST,400,SP2004,20,inst332
session2448,SC,200,FA2002,20,inst320
session3596,SC,300,SP2005,20,inst315
session3671,SC,400,SP2005,20,inst386
session3064,SOC,100,FA2003,20,inst248
session2078,SPAN,100,FA2001,20,inst338
session2827,SPAN,300,SP2003,20,inst342
session2325,THEA,100,SP2002,20,inst535
session3012,THEA,200,FA2003,20,inst311
session3015,TURF,100,FA2003,20,inst344
session3469,TURF,100,FA2004,20,inst344
session3017,TURF,200,FA2003,20,inst345
session3177,TURF,200,SP2004,20,inst345
session3742,VBSC,300,SP2005,20,inst135
session3377,VBSC,400,FA2004,20,inst363
session3746,VBSC,400,SP2005,20,inst358
session2393,WFS,100,FA2002,20,inst372
session2454,WMNST,200,FA2002,20,inst397
session2600,ASTRO,300,SP2003,18,inst125
session1853,CAS,200,FA2000,18,inst139
session3095,CAS,200,SP2004,18,inst142
session2261,CHEM,100,SP2002,18,inst359
session2739,CHEM,200,SP2003,18,inst524
session2740,CHEM,200,SP2003,18,inst362
session3028,CHEM,200,FA2003,18,inst366
session2745,CHEM,300,SP2003,18,inst357
session3198,DS,100,SP2004,18,inst412
session2369,DS,200,SP2002,18,inst418
session2967,DS,200,FA2003,18,inst240
session2698,DS,300,SP2003,18,inst409
session3560,DSM,200,SP2005,18,inst159
session2824,DSM,300,SP2003,18,inst153
session3070,ENGL,100,FA2003,18,inst429
session1851,ENGL,300,SP2001,18,inst434
session3289,ENGL,300,SP2004,18,inst424
session3297,ENGL,400,FA2003,18,inst424
session3396,FIN,100,FA2004,18,inst179
session3110,FIN,300,SP2004,18,inst180
session3112,FIN,300,SP2004,18,inst184
session3613,FIN,300,SP2005,18,inst192
session2047,GEOG,100,FA2001,18,inst436
session2177,HIST,100,SP2002,18,inst207
session2629,HIST,100,SP2003,18,inst207
session3194,HIST,200,SP2004,18,inst205
session3195,HIST,200,SP2004,18,inst205
session2661,HIST,300,FA2002,18,inst205
session2370,IE,300,SP2002,18,inst217
session2371,IE,300,SP2002,18,inst217
session2817,IE,300,FA2002,18,inst218
session2948,IST,200,FA2003,18,inst438
session2950,IST,400,FA2003,18,inst400
session2705,JAPNS,200,SP2003,18,inst241
session3649,JAPNS,400,SP2005,18,inst454
session3773,JAPNS,400,SP2005,18,inst453
session3823,JAPNS,400,SP2005,18,inst241
session3127,JST,200,SP2004,18,inst231
session2507,KINES,300,FA2002,18,inst462
session3521,KINES,300,FA2004,18,inst472
session1977,KOR,100,FA2001,18,inst240
session2256,LARCH,100,FA2001,18,inst250
session2327,LARCH,300,SP2002,18,inst256
session2810,LARCH,300,FA2002,18,inst244
session1991,MATH,100,SP2002,18,inst322
session2026,MATH,100,FA2001,18,inst263
session2444,MATH,100,FA2002,18,inst264
session3620,MATH,100,SP2005,18,inst325
session1993,MATH,200,SP2002,18,inst328
session3135,MATH,200,SP2004,18,inst264
session3308,MATH,200,SP2004,18,inst267
session3309,MATH,200,SP2004,18,inst271
session2028,MATH,300,FA2001,18,inst272
session3246,MUSIC,200,SP2004,18,inst490
session3430,MUSIC,200,FA2004,18,inst276
session3537,NURS,100,FA2004,18,inst497
session3795,NURS,200,SP2005,18,inst132
session2283,NUTR,200,FA2001,18,inst274
session3145,NUTR,300,SP2004,18,inst275
session2815,OLEAD,300,SP2003,18,inst291
session3158,OLEAD,300,SP2004,18,inst316
session3448,OLEAD,300,FA2004,18,inst315
session2842,OLEAD,400,SP2003,18,inst300
session3452,OLEAD,400,FA2004,18,inst305
session3453,OLEAD,400,FA2004,18,inst288
session2052,PHIL,100,FA2001,18,inst473
session3168,RLST,300,SP2004,18,inst334
session1985,SC,300,FA2001,18,inst387
session2788,SC,300,SP2003,18,inst315
session3486,SC,400,FA2004,18,inst315
session3280,SOC,100,SP2004,18,inst253
session3282,SOC,300,SP2004,18,inst249
session2664,SPAN,300,SP2003,18,inst341
session2538,TURF,100,FA2002,18,inst346
session2667,TURF,100,SP2003,18,inst348
session2668,TURF,300,SP2003,18,inst346
session3471,TURF,300,FA2004,18,inst344
session3830,UKR,600,IT2005,18,inst345
session3832,VBSC,600,SP2005,18,inst135
session3694,WFS,100,FA2004,18,inst376
session2401,WFS,300,FA2002,18,inst369
session2679,WFS,300,SP2003,18,inst370
session3123,WFS,300,SP2004,18,inst204
session2681,WFS,400,SP2003,18,inst372
session3821,BBH,300,SP2005,117,inst138
session3555,CAS,200,SP2005,17,inst144
session3013,CAS,300,FA2003,17,inst144
session3265,CHEM,100,SP2004,17,inst359
session2116,CHEM,200,FA2001,17,inst364
session2266,CHEM,200,SP2002,17,inst357
session2737,CHEM,200,SP2003,17,inst364
session3029,CHEM,200,FA2003,17,inst526
session3322,CHEM,200,FA2003,17,inst155
session2273,CHEM,300,SP2002,17,inst530
session2710,DS,200,SP2003,17,inst423
session3209,DS,400,SP2004,17,inst408
session1880,DSM,200,SP2001,17,inst161
session3393,DSM,200,FA2004,17,inst164
session2066,DSM,300,FA2001,17,inst168
session3564,DSM,300,SP2005,17,inst157
session3321,DSM,600,FA2003,17,inst150
session3799,EARTH,100,FA2004,17,inst173
session3770,ENGL,100,SP2005,17,inst425
session3776,ENGL,100,SP2005,17,inst431
session2281,ENGL,300,SP2002,17,inst434
session2330,FIN,100,SP2002,17,inst181
session3614,FIN,300,SP2005,17,inst193
session2862,HIST,100,FA2003,17,inst152
session3387,HIST,100,FA2004,17,inst153
session2631,HIST,200,SP2003,17,inst208
session2894,HIST,200,FA2003,17,inst204
session2824,HIST,300,SP2003,17,inst153
session3073,IE,300,FA2003,17,inst216
session3682,IST,200,SP2005,17,inst400
session3604,IST,300,SP2005,17,inst344
session3824,IST,300,SP2005,17,inst445
session2207,JAPNS,100,SP2002,17,inst455
session3055,JAPNS,400,FA2003,17,inst453
session3229,JAPNS,400,SP2004,17,inst448
session3650,JAPNS,400,SP2005,17,inst453
session2228,JST,200,SP2002,17,inst230
session2229,JST,200,SP2002,17,inst219
session2573,JST,200,FA2002,17,inst223
session2574,JST,200,FA2002,17,inst217
session3362,KINES,600,SP2004,17,inst467
session2012,KOR,100,SP2002,17,inst240
session2703,KOR,200,SP2003,17,inst240
session1948,LARCH,100,SP2001,17,inst247
session2557,MATH,200,FA2002,17,inst323
session2783,MATH,200,SP2003,17,inst327
session2829,MATH,300,FA2002,17,inst261
session3354,MATH,300,SP2004,17,inst155
session3425,MATH,300,FA2004,17,inst266
session3458,MATH,400,FA2004,17,inst324
session2354,MUSIC,100,SP2002,17,inst487
session2706,MUSIC,200,SP2003,17,inst436
session3247,MUSIC,200,SP2004,17,inst483
session3809,MUSIC,300,SP2005,17,inst480
session3538,NURS,200,FA2004,17,inst503
session3793,NURS,200,FA2004,17,inst132
session2494,NURS,300,FA2002,17,inst500
session3711,NURS,400,SP2005,17,inst170
session3431,NUTR,300,FA2004,17,inst133
session3153,OLEAD,300,SP2004,17,inst301
session3595,OLEAD,300,SP2005,17,inst313
session3598,OLEAD,300,SP2005,17,inst316
session3256,OT,200,SP2004,17,inst390
session2154,OT,300,FA2001,17,inst390
session3004,OT,300,FA2003,17,inst352
session3766,PHIL,200,FA2004,17,inst353
session3169,RLST,300,SP2004,17,inst334
session3767,SC,200,SP2005,17,inst315
session1877,SC,300,SP2001,17,inst320
session3279,SOC,200,SP2004,17,inst244
session3657,SOC,300,SP2005,17,inst532
session2939,SPAN,200,FA2003,17,inst340
session3175,SPAN,200,SP2004,17,inst341
session2536,SPAN,300,FA2002,17,inst342
session2730,THEA,100,SP2003,17,inst134
session2146,TURF,100,FA2001,17,inst345
session2245,TURF,100,SP2002,17,inst346
session3376,VBSC,400,FA2004,17,inst364
session3745,VBSC,400,SP2005,17,inst360
session2250,WFS,300,SP2002,17,inst211
session2821,WFS,300,FA2002,17,inst337
session3252,WFS,300,SP2004,17,inst370
session1873,WFS,400,FA2000,17,inst372
session3187,WMNST,200,SP2004,17,inst169
session3660,BBH,100,FA2004,15,inst130
session3755,BBH,100,SP2005,15,inst130
session3191,BMB,200,SP2004,15,inst403
session2857,CHEM,300,SP2003,15,inst359
session2004,DS,100,SP2002,15,inst243
session3499,DS,300,FA2004,15,inst243
session2064,DSM,200,FA2001,15,inst162
session2866,DSM,200,FA2003,15,inst162
session3320,DSM,200,FA2003,15,inst165
session3391,DSM,200,FA2004,15,inst162
session3561,DSM,200,SP2005,15,inst161
session3801,DSM,200,FA2004,15,inst165
session3565,DSM,400,SP2005,15,inst161
session2797,ENGL,100,SP2003,15,inst427
session2799,ENGL,200,SP2003,15,inst424
session2847,FIN,400,SP2003,15,inst194
session3570,HIST,200,SP2005,15,inst153
session2067,HIST,300,FA2001,15,inst167
session3692,IST,300,SP2005,15,inst400
session2209,JAPNS,200,SP2002,15,inst452
session3053,JAPNS,200,FA2003,15,inst453
session3648,JAPNS,400,SP2005,15,inst448
session2638,JST,100,SP2003,15,inst219
session3327,JST,100,SP2004,15,inst220
session2854,JST,200,SP2003,15,inst219
session3236,KINES,200,SP2004,15,inst468
session3337,KINES,200,SP2004,15,inst467
session3826,KINES,300,SP2005,15,inst465
session2509,KINES,400,FA2002,15,inst400
session2286,LARCH,100,SP2002,15,inst248
session2553,LARCH,100,FA2002,15,inst245
session2792,LARCH,100,SP2003,15,inst253
session2287,LARCH,300,SP2002,15,inst251
session2852,LARCH,300,SP2003,15,inst248
session1995,MATH,200,SP2002,15,inst321
session2560,MATH,200,FA2002,15,inst321
session2911,MATH,300,FA2003,15,inst268
session3578,MATH,300,SP2005,15,inst257
session3428,MATH,400,FA2004,15,inst269
session3243,MUSIC,200,SP2004,15,inst436
session3704,MUSIC,200,SP2005,15,inst483
session3531,MUSIC,300,FA2004,15,inst476
session2490,NURS,100,FA2002,15,inst126
session2802,NURS,200,SP2003,15,inst500
session2997,NURS,200,FA2003,15,inst499
session2493,NURS,300,FA2002,15,inst500
session3253,NURS,300,SP2004,15,inst499
session1989,NUTR,200,SP2002,15,inst275
session2347,NUTR,200,SP2002,15,inst282
session3430,NUTR,200,FA2004,15,inst276
session2917,NUTR,300,FA2003,15,inst133
session2346,OLEAD,100,FA2001,15,inst293
session3592,OLEAD,200,SP2005,15,inst288
session3157,OLEAD,300,SP2004,15,inst316
session3344,OLEAD,300,SP2004,15,inst298
session3447,OLEAD,300,FA2004,15,inst314
session1808,OT,100,SP1998,15,inst507
session2753,OT,100,SP2003,15,inst390
session3712,OT,100,SP2005,15,inst390
session3541,OT,200,FA2004,15,inst352
session3260,PHIL,200,SP2004,15,inst353
session2043,PHYS,200,FA2001,15,inst320
session2448,PHYS,200,FA2002,15,inst320
session3509,PHYS,200,FA2004,15,inst319
session2341,RLST,300,SP2002,15,inst336
session2381,RLST,300,FA2002,15,inst333
session3170,RLST,400,SP2004,15,inst330
session1986,SC,300,FA2001,15,inst392
session3067,SOC,400,FA2003,15,inst246
session3087,SPAN,100,FA2003,15,inst317
session2663,SPAN,200,SP2003,15,inst340
session3174,SPAN,200,SP2004,15,inst338
session3468,SPAN,300,FA2004,15,inst341
session3730,THEA,400,SP2005,15,inst311
session2244,TURF,100,SP2002,15,inst347
session2147,TURF,200,FA2001,15,inst349
session2539,TURF,200,FA2002,15,inst349
session2540,TURF,200,FA2002,15,inst346
session3602,TURF,200,SP2005,15,inst344
session3302,TURF,300,FA2003,15,inst344
session3603,TURF,300,SP2005,15,inst346
session3346,UKR,100,SP2004,15,inst345
session3743,VBSC,300,SP2005,15,inst367
session3744,VBSC,400,SP2005,15,inst362
session2673,WFS,300,SP2003,15,inst380
session2674,WFS,300,SP2003,15,inst380
session3607,WFS,300,SP2005,15,inst370
session2452,WMNST,100,FA2002,15,inst394
session2222,WMNST,300,SP2002,15,inst169
session2456,WMNST,300,FA2002,15,inst394
session2685,WMNST,300,SP2003,15,inst394
session3188,WMNST,300,SP2004,15,inst396
session3488,WMNST,400,FA2004,15,inst393